AccountName,MisclassificationRate,MisclassificationCount,TotalAppearances,SourceAccountType,SourceAccountSubType,AccountTypesName,LedgerSide,Balance,WorkpaperRecordsName,WorksheetName,GroundTruth
Special Purpose Vehicle Account,1.0,3,3,Assets,Current Assets,Loans to Members,1,500.0,,,1
Tesla Loan - Non-Current,1.0,3,3,Assets,Current Assets,Loans to Members,-1,500.0,,,1
Partner Financial Advance,1.0,3,3,Assets,Current Assets,Other Assets,-1,500.0,,,1
Loan to Child,1.0,3,3,Assets,Current Assets,Other Assets,-1,500.0,,,1
Partner Equity Withdrawal,1.0,3,3,Assets,Current Assets,Other Assets,1,500.0,,,1
Loan to Family-Owned Business,1.0,3,3,Assets,Current Assets,Other Assets,-1,500.0,,,1
Principal Owner Loan,1.0,3,3,Assets,Current Assets,Other Assets,1,500.0,,,1
Inter-Company Loan,1.0,3,3,Assets,Current Assets,Other Assets,1,222683.05,,,1
Business Development Loan,1.0,3,3,Assets,Current Assets,Loans to Members,1,500.0,,,1
Consulting Fees Receivable,1.0,3,3,Assets,Current Assets,Loans to Members,-1,500.0,,,1
Loan to Director's Trust,1.0,3,3,Assets,Current Assets,Other Assets,1,500.0,,,1
Shareholder Advance,1.0,3,3,Assets,Current Assets,Other Assets,1,500.0,,,1
Director Loan Receivable,1.0,3,3,Assets,Current Assets,Other Assets,1,500.0,,,1
Loan to Business Owner,1.0,3,3,Assets,Current Assets,Other Assets,-1,500.0,,,1
Loan to Controlled Entity,1.0,9,9,Assets,Current Assets,Other Assets,-1,500.0,,,1
Equity Holder Financial Loan,1.0,3,3,Assets,Current Assets,Other Assets,1,500.0,,,1
Family Member Loan,1.0,3,3,Assets,Current Assets,Other Assets,-1,500.0,,,1
Corporate Development Fund,1.0,3,3,Assets,Current Assets,Loans to Members,-1,500.0,,,1
Shareholder Borrowing Account,1.0,3,3,Assets,Current Assets,Other Assets,1,466338.88,,,1
Distribution Account Payable,1.0,3,3,Assets,Current Assets,Loans to Members,-1,500.0,,,1
Loan to Trustee,1.0,6,6,Assets,Current Assets,Other Assets,-1,500.0,,,1
Entity B Current Account,1.0,3,3,Assets,Current Assets,Loans to Members,-1,500.0,,,1
Car Loan - Non-Current,1.0,3,3,Assets,Current Assets,Loans to Members,-1,500.0,,,1
Partner Loan Facility,1.0,6,6,Assets,Current Assets,Other Assets,1,500.0,,,1
Family Equity Loan,1.0,3,3,Assets,Current Assets,Other Assets,-1,500.0,,,1
Owner's Financial Withdrawal,1.0,3,3,Assets,Current Assets,Other Assets,1,500.0,,,1
Family Member Borrowing,1.0,3,3,Assets,Current Assets,Other Assets,1,500.0,,,1
Loan to Shareholding Partner,1.0,3,3,Assets,Current Assets,Other Assets,1,500.0,,,1
Loan to Affiliate,1.0,3,3,Assets,Current Assets,Other Assets,-1,500.0,,,1
Owner's Equity Withdrawal,1.0,3,3,Assets,Current Assets,Other Assets,-1,500.0,,,1
Loan to Parent Trust,1.0,3,3,Assets,Current Assets,Other Assets,1,120172.29,,,1
Working Capital Advance,1.0,3,3,Assets,Current Assets,Loans to Members,1,500.0,,,1
Special Drawing Rights,1.0,3,3,Assets,Current Assets,Loans to Members,-1,500.0,,,1
Loan to Founder,1.0,6,6,Assets,Current Assets,Other Assets,1,500.0,,,1
Loan to Sibling,1.0,6,6,Assets,Current Assets,Other Assets,-1,500.0,,,1
Loan to Parent,1.0,3,3,Assets,Current Assets,Other Assets,1,500.0,,,1
Owner Loan Receivable,1.0,3,3,Assets,Current Assets,Other Assets,-1,500.0,,,1
